﻿{"cameraMode":{"drawMode":0,"name":"Shaded","section":"Shading Mode"},"sceneLighting":true,"audioPlay":false,"sceneViewState":{"m_AlwaysRefresh":false,"showFog":true,"showSkybox":true,"showFlares":true,"showImageEffects":true,"showParticleSystems":true,"showVisualEffectGraphs":true,"m_FxEnabled":true},"in2DMode":false,"pivot":{"x":9.830862045288086,"y":5.0887627601623539,"z":-1.552490472793579},"rotation":{"x":0.0,"y":-0.7071068286895752,"z":0.0,"w":0.7071068286895752},"size":7.109583854675293,"orthographic":false}